file,avg_sbert_similarity,avg_llm_judge_similarity,avg_obels_functional_equivalence,avg_obels_domain_type_equivalence,avg_obels_semantic_equivalence,avg_obels_entity_granularity_tolerance
reconstructed_Evaluation Set - DD16-GR-GPT4.csv,0.5216622829437256,0.2,0.575,0.6199999999999999,0.465,0.57
reconstructed_Evaluation Set - DD16-GR-local.csv,0.47971454411745074,0.145,0.49000000000000005,0.58,0.4,0.475
reconstructed_Evaluation Set - FEDWEB13-GR-GPT4.csv,0.5300319012254476,0.28500000000000003,0.7100000000000002,0.705,0.55,0.6799999999999999
reconstructed_Evaluation Set - FEDWEB13-GR-local.csv,0.502311610430479,0.29,0.7200000000000001,0.7100000000000002,0.49000000000000005,0.6549999999999999
reconstructed_Evaluation Set - SESSION14-GR-GPT4.csv,0.4736649751663208,0.2799999999999999,0.68,0.7400000000000001,0.5,0.6399999999999999
reconstructed_Evaluation Set - SESSION14-GR-local.csv,0.49029501974582673,0.325,0.7400000000000001,0.6900000000000002,0.5349999999999999,0.6349999999999999
