file,avg_sbert_similarity,avg_llm_judge_similarity,avg_obels_functional_equivalence,avg_obels_domain_type_equivalence,avg_obels_semantic_equivalence,avg_obels_entity_granularity_tolerance
reconstructed_Evaluation Set - DD16-GR-GPT4.csv,0.5292065049472608,0.27894736842105267,0.6578947368421053,0.6894736842105262,0.5000000000000001,0.6052631578947367
reconstructed_Evaluation Set - DD16-GR-local.csv,0.5119707271456718,0.225,0.6050000000000001,0.615,0.44000000000000006,0.5299999999999999
reconstructed_Evaluation Set - FEDWEB13-GR-GPT4.csv,0.5591246739029885,0.315,0.7700000000000001,0.7600000000000001,0.575,0.7299999999999999
reconstructed_Evaluation Set - FEDWEB13-GR-local.csv,0.5320451192557811,0.315,0.7550000000000001,0.805,0.55,0.69
reconstructed_Evaluation Set - SESSION14-GR-GPT4.csv,0.4457852214574814,0.25999999999999995,0.6500000000000001,0.7200000000000001,0.475,0.58
reconstructed_Evaluation Set - SESSION14-GR-local.csv,0.4905917029827833,0.33999999999999997,0.6700000000000002,0.7000000000000001,0.505,0.6199999999999999
