file,avg_sbert_similarity,avg_llm_judge_similarity,avg_obels_functional_equivalence,avg_obels_domain_type_equivalence,avg_obels_semantic_equivalence,avg_obels_entity_granularity_tolerance
Evaluation Set - DD16-GR-GPT4_gemma_solutions.csv,0.3586726747453213,0.04,0.4950000000000001,0.48999999999999994,0.38,0.5199999999999999
Evaluation Set - DD16-GR-local_gemma_solutions.csv,0.3626594511792064,0.05,0.33,0.4,0.29000000000000004,0.29499999999999993
Evaluation Set - FEDWEB13-GR-GPT4_gemma_solutions.csv,0.30241884514689443,0.10999999999999999,0.5549999999999999,0.5700000000000001,0.39,0.4749999999999999
Evaluation Set - FEDWEB13-GR-local_gemma_solutions.csv,0.35885759741067885,0.10500000000000001,0.6450000000000001,0.66,0.42000000000000004,0.5599999999999998
Evaluation Set - SESSION14-GR-GPT4_gemma_solutions.csv,0.3351553721353412,0.175,0.51,0.48500000000000004,0.355,0.41999999999999993
Evaluation Set - SESSION14-GR-local_gemma_solutions.csv,0.3158501721918583,0.11000000000000001,0.51,0.515,0.36500000000000005,0.43499999999999994
