file,avg_sbert_similarity,avg_llm_judge_similarity,avg_obels_functional_equivalence,avg_obels_domain_type_equivalence,avg_obels_semantic_equivalence,avg_obels_entity_granularity_tolerance
reconstructed_Evaluation Set - DD16-GR-GPT4.csv,0.43566904664039613,0.15999999999999998,0.5950000000000001,0.6599999999999999,0.465,0.59
reconstructed_Evaluation Set - DD16-GR-local.csv,0.3953503958880901,0.125,0.5199999999999999,0.6100000000000001,0.41,0.5049999999999999
reconstructed_Evaluation Set - FEDWEB13-GR-GPT4.csv,0.4583042323589325,0.27999999999999997,0.6950000000000001,0.7150000000000001,0.505,0.6049999999999998
reconstructed_Evaluation Set - FEDWEB13-GR-local.csv,0.4322610214352608,0.23999999999999994,0.7400000000000001,0.75,0.52,0.6699999999999998
reconstructed_Evaluation Set - SESSION14-GR-GPT4.csv,0.41033878102898597,0.275,0.6800000000000002,0.675,0.48,0.5799999999999998
reconstructed_Evaluation Set - SESSION14-GR-local.csv,0.380827390961349,0.32499999999999996,0.665,0.64,0.4699999999999999,0.59
