file,avg_sbert_similarity,avg_llm_judge_similarity,avg_obels_functional_equivalence,avg_obels_domain_type_equivalence,avg_obels_semantic_equivalence,avg_obels_entity_granularity_tolerance
reconstructed_Evaluation Set - DD16-GR-GPT4.csv,0.6620237231254578,0.475,0.8000000000000002,0.76,0.56,0.6799999999999999
reconstructed_Evaluation Set - DD16-GR-local.csv,0.7340937435626984,0.525,0.7500000000000002,0.7550000000000001,0.57,0.6249999999999998
reconstructed_Evaluation Set - FEDWEB13-GR-GPT4.csv,0.6138112068176269,0.4950000000000001,0.7800000000000001,0.85,0.6099999999999999,0.71
reconstructed_Evaluation Set - FEDWEB13-GR-local.csv,0.6446929007768631,0.48,0.8200000000000001,0.8800000000000001,0.61,0.715
reconstructed_Evaluation Set - SESSION14-GR-GPT4.csv,0.5840447932481766,0.535,0.7950000000000002,0.7700000000000001,0.585,0.6849999999999998
reconstructed_Evaluation Set - SESSION14-GR-local.csv,0.6040435180068016,0.6100000000000001,0.7950000000000002,0.8300000000000001,0.5999999999999999,0.71
