file,avg_sbert_similarity,avg_llm_judge_similarity,avg_obels_functional_equivalence,avg_obels_domain_type_equivalence,avg_obels_semantic_equivalence,avg_obels_entity_granularity_tolerance
reconstructed_Evaluation Set - DD16-GR-GPT4.csv,0.4112085349857807,0.165,0.5599999999999999,0.61,0.445,0.5599999999999999
reconstructed_Evaluation Set - DD16-GR-local.csv,0.44789060577750206,0.14500000000000002,0.5349999999999999,0.5299999999999999,0.375,0.45999999999999985
reconstructed_Evaluation Set - FEDWEB13-GR-GPT4.csv,0.4075092077255249,0.23500000000000001,0.7350000000000001,0.73,0.5399999999999999,0.6349999999999999
reconstructed_Evaluation Set - FEDWEB13-GR-local.csv,0.39678140766918657,0.22999999999999998,0.6950000000000001,0.7500000000000001,0.5,0.6099999999999999
reconstructed_Evaluation Set - SESSION14-GR-GPT4.csv,0.42745803147554395,0.2800000000000001,0.7100000000000002,0.685,0.515,0.6599999999999999
reconstructed_Evaluation Set - SESSION14-GR-local.csv,0.49602196663618087,0.35500000000000004,0.7800000000000001,0.76,0.5349999999999999,0.6349999999999999
