file,avg_sbert_similarity,avg_llm_judge_similarity,avg_obels_functional_equivalence,avg_obels_domain_type_equivalence,avg_obels_semantic_equivalence,avg_obels_entity_granularity_tolerance
reconstructed_Evaluation Set - DD16-GR-GPT4.csv,0.5163947388529777,0.215,0.665,0.6950000000000001,0.47000000000000003,0.5999999999999999
reconstructed_Evaluation Set - DD16-GR-local.csv,0.5433823257684708,0.285,0.635,0.6500000000000001,0.475,0.5999999999999999
reconstructed_Evaluation Set - FEDWEB13-GR-GPT4.csv,0.48743138164281846,0.315,0.7550000000000001,0.79,0.515,0.6499999999999999
reconstructed_Evaluation Set - FEDWEB13-GR-local.csv,0.5030563853681087,0.255,0.7250000000000002,0.7700000000000001,0.52,0.6249999999999999
reconstructed_Evaluation Set - SESSION14-GR-GPT4.csv,0.3832701865583658,0.26999999999999996,0.675,0.6950000000000001,0.475,0.5999999999999999
reconstructed_Evaluation Set - SESSION14-GR-local.csv,0.44303716998547316,0.33999999999999997,0.7650000000000002,0.7200000000000001,0.515,0.6849999999999998
