file,avg_sbert_similarity,avg_llm_judge_similarity,avg_obels_functional_equivalence,avg_obels_domain_type_equivalence,avg_obels_semantic_equivalence,avg_obels_entity_granularity_tolerance
reconstructed_Evaluation Set - DD16-GR-GPT4.csv,0.5582219034433364,0.24999999999999994,0.635,0.655,0.47000000000000003,0.5899999999999999
reconstructed_Evaluation Set - DD16-GR-local.csv,0.5098383903503418,0.21000000000000002,0.56,0.645,0.43000000000000005,0.5149999999999999
reconstructed_Evaluation Set - FEDWEB13-GR-GPT4.csv,0.47508069425821303,0.21500000000000002,0.6421052631578948,0.6631578947368422,0.5157894736842106,0.6526315789473683
reconstructed_Evaluation Set - FEDWEB13-GR-local.csv,0.4909136429429054,0.255,0.6800000000000002,0.79,0.5399999999999999,0.6849999999999998
reconstructed_Evaluation Set - SESSION14-GR-GPT4.csv,0.458625128865242,0.195,0.68,0.71,0.53,0.6749999999999999
reconstructed_Evaluation Set - SESSION14-GR-local.csv,0.46290093511343,0.285,0.6950000000000001,0.68,0.5199999999999999,0.6199999999999999
