file,avg_sbert_similarity,avg_llm_judge_similarity,avg_obels_functional_equivalence,avg_obels_domain_type_equivalence,avg_obels_semantic_equivalence,avg_obels_entity_granularity_tolerance
reconstructed_Evaluation Set - DD16-GR-GPT4.csv,0.4730753481388092,0.205,0.67,0.7100000000000001,0.48,0.61
reconstructed_Evaluation Set - DD16-GR-local.csv,0.45550302490592004,0.21000000000000002,0.6200000000000001,0.615,0.4600000000000001,0.6049999999999999
reconstructed_Evaluation Set - FEDWEB13-GR-GPT4.csv,0.5220775350928306,0.37,0.7700000000000001,0.78,0.5349999999999999,0.6449999999999998
reconstructed_Evaluation Set - FEDWEB13-GR-local.csv,0.5224728815257549,0.315,0.7550000000000002,0.8,0.525,0.6749999999999999
reconstructed_Evaluation Set - SESSION14-GR-GPT4.csv,0.29142911832313984,0.20500000000000002,0.7000000000000001,0.6888888888888889,0.5388888888888889,0.6555555555555554
reconstructed_Evaluation Set - SESSION14-GR-local.csv,0.25312047693878414,0.24,0.6842105263157896,0.6684210526315789,0.5105263157894736,0.6368421052631578
