file,avg_sbert_similarity,avg_llm_judge_similarity,avg_obels_functional_equivalence,avg_obels_domain_type_equivalence,avg_obels_semantic_equivalence,avg_obels_entity_granularity_tolerance
reconstructed_Evaluation Set - DD16-GR-GPT4.csv,0.49861523807048796,0.195,0.6050000000000001,0.6649999999999999,0.43000000000000005,0.565
reconstructed_Evaluation Set - DD16-GR-local.csv,0.5111336514353753,0.24000000000000005,0.635,0.6900000000000001,0.465,0.575
reconstructed_Evaluation Set - FEDWEB13-GR-GPT4.csv,0.5825897887349129,0.43499999999999994,0.7950000000000002,0.775,0.5549999999999999,0.6799999999999999
reconstructed_Evaluation Set - FEDWEB13-GR-local.csv,0.5467796586453915,0.32999999999999996,0.7650000000000002,0.7950000000000002,0.5599999999999999,0.69
reconstructed_Evaluation Set - SESSION14-GR-GPT4.csv,0.42880841307342055,0.305,0.6900000000000002,0.68,0.48,0.5999999999999999
reconstructed_Evaluation Set - SESSION14-GR-local.csv,0.5236182369291782,0.395,0.7500000000000002,0.7300000000000001,0.53,0.6449999999999998
