file,avg_sbert_similarity,avg_llm_judge_similarity,avg_obels_functional_equivalence,avg_obels_domain_type_equivalence,avg_obels_semantic_equivalence,avg_obels_entity_granularity_tolerance
reconstructed_Evaluation Set - DD16-GR-GPT4.csv,0.45340524017810824,0.19,0.5850000000000001,0.615,0.43,0.5449999999999999
reconstructed_Evaluation Set - DD16-GR-local.csv,0.4448374755680561,0.18,0.55,0.635,0.43,0.5149999999999999
reconstructed_Evaluation Set - FEDWEB13-GR-GPT4.csv,0.5047687359154225,0.305,0.7550000000000001,0.7350000000000001,0.5399999999999999,0.695
reconstructed_Evaluation Set - FEDWEB13-GR-local.csv,0.4927352339029312,0.31,0.7500000000000002,0.7450000000000001,0.515,0.6449999999999998
reconstructed_Evaluation Set - SESSION14-GR-GPT4.csv,0.3952760651707649,0.31500000000000006,0.6900000000000002,0.6500000000000001,0.45999999999999996,0.5899999999999999
reconstructed_Evaluation Set - SESSION14-GR-local.csv,0.43522933605127034,0.355,0.6894736842105263,0.7000000000000002,0.5,0.6368421052631579
