file,avg_sbert_similarity,avg_llm_judge_similarity,avg_obels_functional_equivalence,avg_obels_domain_type_equivalence,avg_obels_semantic_equivalence,avg_obels_entity_granularity_tolerance
reconstructed_Evaluation Set - DD16-GR-GPT4.csv,0.6667986944317817,0.445,0.7400000000000002,0.73,0.5549999999999999,0.6599999999999999
reconstructed_Evaluation Set - DD16-GR-local.csv,0.7108559638261795,0.52,0.7700000000000001,0.78,0.58,0.6449999999999998
reconstructed_Evaluation Set - FEDWEB13-GR-GPT4.csv,0.6270330950617791,0.5199999999999999,0.7700000000000001,0.8250000000000002,0.595,0.6949999999999998
reconstructed_Evaluation Set - FEDWEB13-GR-local.csv,0.6199739739298821,0.445,0.7800000000000002,0.8100000000000002,0.63,0.76
reconstructed_Evaluation Set - SESSION14-GR-GPT4.csv,0.5570585519075394,0.4699999999999999,0.7700000000000002,0.7900000000000001,0.575,0.6649999999999998
reconstructed_Evaluation Set - SESSION14-GR-local.csv,0.5904698103666306,0.595,0.8100000000000002,0.8400000000000001,0.615,0.7049999999999998
