file,avg_sbert_similarity,avg_llm_judge_similarity,avg_obels_functional_equivalence,avg_obels_domain_type_equivalence,avg_obels_semantic_equivalence,avg_obels_entity_granularity_tolerance
reconstructed_Evaluation Set - SESSION14-GR-GPT4.csv,0.6321729347109795,0.615,0.8200000000000001,0.8400000000000002,0.6199999999999999,0.72
reconstructed_Evaluation Set - SESSION14-GR-local.csv,0.684948904812336,0.6799999999999999,0.8200000000000001,0.8,0.6049999999999999,0.6799999999999998
reconstructed_Evaluation Set - SESSION14-GR-GPT4.csv,0.6224498182535172,0.5900000000000001,0.8200000000000001,0.7550000000000001,0.585,0.69
reconstructed_Evaluation Set - SESSION14-GR-local.csv,0.6695286229252815,0.69,0.805,0.8300000000000003,0.6499999999999998,0.695
