file,avg_sbert_similarity,avg_llm_judge_similarity,avg_obels_functional_equivalence,avg_obels_domain_type_equivalence,avg_obels_semantic_equivalence,avg_obels_entity_granularity_tolerance
reconstructed_Evaluation Set - DD16-GR-GPT4.csv,0.4833365105092525,0.22999999999999998,0.64,0.64,0.45,0.59
reconstructed_Evaluation Set - DD16-GR-local.csv,0.4963964741677046,0.275,0.56,0.6649999999999999,0.43499999999999994,0.5549999999999999
reconstructed_Evaluation Set - FEDWEB13-GR-GPT4.csv,0.49989514648914335,0.355,0.7750000000000001,0.7800000000000001,0.5599999999999999,0.69
reconstructed_Evaluation Set - FEDWEB13-GR-local.csv,0.471313252300024,0.29000000000000004,0.6750000000000002,0.705,0.5,0.5599999999999999
reconstructed_Evaluation Set - SESSION14-GR-GPT4.csv,0.43206212669610977,0.28,0.6850000000000002,0.7350000000000001,0.4999999999999999,0.6199999999999999
reconstructed_Evaluation Set - SESSION14-GR-local.csv,0.42646907139569523,0.33499999999999996,0.6700000000000002,0.6650000000000001,0.505,0.6299999999999999
