file,avg_sbert_similarity,avg_llm_judge_similarity,avg_obels_functional_equivalence,avg_obels_domain_type_equivalence,avg_obels_semantic_equivalence,avg_obels_entity_granularity_tolerance
reconstructed_Evaluation Set - DD16-GR-GPT4.csv,0.4084803476929665,0.13,0.515,0.6200000000000001,0.40499999999999997,0.4699999999999999
reconstructed_Evaluation Set - DD16-GR-local.csv,0.41706404834985733,0.11000000000000001,0.53,0.595,0.39,0.4699999999999999
reconstructed_Evaluation Set - FEDWEB13-GR-GPT4.csv,0.4715936630964279,0.33,0.7400000000000002,0.7300000000000001,0.5299999999999999,0.6249999999999999
reconstructed_Evaluation Set - FEDWEB13-GR-local.csv,0.49057896062731743,0.295,0.7200000000000001,0.74,0.495,0.655
reconstructed_Evaluation Set - SESSION14-GR-GPT4.csv,0.3993037238717079,0.25000000000000006,0.6800000000000002,0.665,0.45499999999999996,0.575
reconstructed_Evaluation Set - SESSION14-GR-local.csv,0.4096432073041797,0.27,0.6600000000000001,0.7150000000000002,0.485,0.6099999999999999
