file,avg_sbert_similarity,avg_llm_judge_similarity,avg_obels_functional_equivalence,avg_obels_domain_type_equivalence,avg_obels_semantic_equivalence,avg_obels_entity_granularity_tolerance
reconstructed_Evaluation Set - DD16-GR-GPT4.csv,0.4395634852349758,0.2,0.6350000000000001,0.6499999999999999,0.45499999999999996,0.6049999999999999
reconstructed_Evaluation Set - DD16-GR-local.csv,0.44335378110408785,0.15,0.5800000000000001,0.6450000000000001,0.45499999999999996,0.5499999999999999
reconstructed_Evaluation Set - FEDWEB13-GR-GPT4.csv,0.4836353473365307,0.34500000000000003,0.7250000000000002,0.7700000000000001,0.54,0.6599999999999999
reconstructed_Evaluation Set - FEDWEB13-GR-local.csv,0.4934089433401823,0.29500000000000004,0.6950000000000001,0.735,0.525,0.6299999999999999
reconstructed_Evaluation Set - SESSION14-GR-GPT4.csv,0.41837345734238623,0.32999999999999996,0.7350000000000001,0.7100000000000001,0.5149999999999999,0.6649999999999998
reconstructed_Evaluation Set - SESSION14-GR-local.csv,0.4387402608990669,0.325,0.685,0.7450000000000001,0.485,0.6199999999999999
