file,avg_sbert_similarity,avg_llm_judge_similarity,avg_obels_functional_equivalence,avg_obels_domain_type_equivalence,avg_obels_semantic_equivalence,avg_obels_entity_granularity_tolerance
reconstructed_Evaluation Set - DD16-GR-GPT4.csv,0.37588301077485087,0.25000000000000006,0.6050000000000001,0.6399999999999999,0.43000000000000005,0.5499999999999999
reconstructed_Evaluation Set - DD16-GR-local.csv,0.3640880934894085,0.205,0.535,0.5700000000000001,0.41500000000000004,0.505
reconstructed_Evaluation Set - FEDWEB13-GR-GPT4.csv,0.3472080923616886,0.28500000000000003,0.7850000000000001,0.7300000000000001,0.51,0.6599999999999999
reconstructed_Evaluation Set - FEDWEB13-GR-local.csv,0.3455380279570818,0.22999999999999998,0.7050000000000002,0.69,0.48999999999999994,0.575
reconstructed_Evaluation Set - SESSION14-GR-GPT4.csv,0.3315047062933445,0.29,0.7400000000000002,0.7000000000000002,0.48999999999999994,0.6299999999999999
reconstructed_Evaluation Set - SESSION14-GR-local.csv,0.3446278601884842,0.31999999999999995,0.7650000000000001,0.6950000000000001,0.51,0.6549999999999999
