file,avg_sbert_similarity,avg_llm_judge_similarity,avg_obels_functional_equivalence,avg_obels_domain_type_equivalence,avg_obels_semantic_equivalence,avg_obels_entity_granularity_tolerance
reconstructed_Evaluation Set - DD16-GR-GPT4.csv,0.40926686078310015,0.13000000000000003,0.5,0.5900000000000001,0.3650000000000001,0.425
reconstructed_Evaluation Set - DD16-GR-local.csv,0.405888295173645,0.10500000000000001,0.5,0.5700000000000001,0.39,0.44499999999999995
reconstructed_Evaluation Set - FEDWEB13-GR-GPT4.csv,0.5044572539627552,0.315,0.7200000000000001,0.7750000000000001,0.5349999999999999,0.6399999999999999
reconstructed_Evaluation Set - FEDWEB13-GR-local.csv,0.48893511928617955,0.28,0.7200000000000001,0.7450000000000001,0.5149999999999999,0.6449999999999999
reconstructed_Evaluation Set - SESSION14-GR-GPT4.csv,0.40607948824763296,0.28500000000000003,0.6950000000000001,0.6750000000000002,0.5,0.615
reconstructed_Evaluation Set - SESSION14-GR-local.csv,0.4186390852089971,0.29000000000000004,0.6850000000000002,0.7000000000000002,0.465,0.5599999999999999
