file,avg_sbert_similarity,avg_llm_judge_similarity,avg_obels_functional_equivalence,avg_obels_domain_type_equivalence,avg_obels_semantic_equivalence,avg_obels_entity_granularity_tolerance
reconstructed_Evaluation Set - DD16-GR-GPT4.csv,0.46056201979517936,0.17500000000000002,0.52,0.5850000000000001,0.4050000000000001,0.485
reconstructed_Evaluation Set - DD16-GR-local.csv,0.5007529769092798,0.15999999999999998,0.5750000000000002,0.545,0.43,0.5
reconstructed_Evaluation Set - FEDWEB13-GR-GPT4.csv,0.4136377923190594,0.195,0.6950000000000001,0.775,0.48999999999999994,0.5599999999999998
reconstructed_Evaluation Set - FEDWEB13-GR-local.csv,0.41854689964093267,0.17,0.7600000000000001,0.7550000000000001,0.515,0.6299999999999999
reconstructed_Evaluation Set - SESSION14-GR-GPT4.csv,0.3694288346916437,0.21000000000000002,0.6100000000000001,0.6050000000000001,0.44000000000000006,0.51
reconstructed_Evaluation Set - SESSION14-GR-local.csv,0.4043045289814472,0.26999999999999996,0.6450000000000001,0.655,0.485,0.595
