file,avg_sbert_similarity,avg_llm_judge_similarity,avg_obels_functional_equivalence,avg_obels_domain_type_equivalence,avg_obels_semantic_equivalence,avg_obels_entity_granularity_tolerance
Evaluation Set - DD16-GR-GPT4_qwen_solutions.csv,0.3437796153128147,0.08,0.45500000000000007,0.515,0.35,0.41
Evaluation Set - DD16-GR-local_qwen_solutions.csv,0.359104835242033,0.065,0.4600000000000001,0.525,0.36500000000000005,0.43
Evaluation Set - FEDWEB13-GR-GPT4_qwen_solutions.csv,0.3648821946233511,0.15499999999999997,0.68,0.6749999999999999,0.445,0.5599999999999998
Evaluation Set - FEDWEB13-GR-local_qwen_solutions.csv,0.40428797118365767,0.15999999999999998,0.6300000000000001,0.62,0.44000000000000006,0.5549999999999999
Evaluation Set - SESSION14-GR-GPT4_qwen_solutions.csv,0.40448285747552293,0.22499999999999995,0.5950000000000001,0.6400000000000001,0.41,0.5299999999999999
Evaluation Set - SESSION14-GR-local_qwen_solutions.csv,0.464479810744524,0.31,0.6950000000000001,0.7250000000000001,0.5050000000000001,0.6199999999999999
