file,avg_sbert_similarity,avg_llm_judge_similarity,avg_obels_functional_equivalence,avg_obels_domain_type_equivalence,avg_obels_semantic_equivalence,avg_obels_entity_granularity_tolerance
Evaluation Set - DD16-GR-GPT4_llama_solutions.csv,0.33251446709036825,0.05,0.45500000000000007,0.5049999999999999,0.28500000000000003,0.3749999999999999
Evaluation Set - DD16-GR-local_llama_solutions.csv,0.33495699521154165,0.05,0.4549999999999999,0.46499999999999997,0.33,0.35
Evaluation Set - FEDWEB13-GR-GPT4_llama_solutions.csv,0.3821129944175482,0.2,0.7050000000000001,0.805,0.515,0.615
Evaluation Set - FEDWEB13-GR-local_llama_solutions.csv,0.4192113533616066,0.165,0.7250000000000002,0.6950000000000001,0.47000000000000003,0.6199999999999999
Evaluation Set - SESSION14-GR-GPT4_llama_solutions.csv,0.4158563748002052,0.23000000000000004,0.7050000000000002,0.7100000000000001,0.4699999999999999,0.5249999999999999
Evaluation Set - SESSION14-GR-local_llama_solutions.csv,0.39908442199230193,0.215,0.6950000000000001,0.6250000000000002,0.47000000000000003,0.5999999999999999
