ARI,NMI,Homogeneity,Completeness,V_measure,Hungarian_Accuracy
-0.0007330439359634316,0.015890478362861872,0.011536387774764147,0.025523689086661014,0.015890478362861872,0.36551354694765675
