ARI,NMI,Homogeneity,Completeness,V_measure,Hungarian_Accuracy
0.2205240174672489,0.2824165544188379,0.2558272324548654,0.31517407117214374,0.2824165544188379,0.6111111111111112
