ARI,NMI,Homogeneity,Completeness,V_measure,Hungarian_Accuracy
0.10555149744338933,0.32525168868177,0.3006927841497149,0.3541790524021704,0.32525168868177,0.46875
