file,avg_sbert_similarity,avg_llm_judge_similarity,avg_obels_functional_equivalence,avg_obels_domain_type_equivalence,avg_obels_semantic_equivalence,avg_obels_entity_granularity_tolerance
reconstructed_Evaluation Set - DD16-GR-GPT4.csv,0.4311392970383167,0.11499999999999999,0.5500000000000002,0.5999999999999999,0.41500000000000004,0.4749999999999999
reconstructed_Evaluation Set - DD16-GR-local.csv,0.42275424003601075,0.13999999999999996,0.5,0.6200000000000001,0.39,0.45999999999999996
reconstructed_Evaluation Set - FEDWEB13-GR-GPT4.csv,0.5048850260674953,0.33999999999999997,0.7650000000000002,0.78,0.525,0.6499999999999999
reconstructed_Evaluation Set - FEDWEB13-GR-local.csv,0.4880531892180443,0.30500000000000005,0.6900000000000002,0.7150000000000001,0.48999999999999994,0.6149999999999999
reconstructed_Evaluation Set - SESSION14-GR-GPT4.csv,0.42664406821131706,0.335,0.6950000000000001,0.6950000000000001,0.475,0.6099999999999999
reconstructed_Evaluation Set - SESSION14-GR-local.csv,0.40965721644461156,0.285,0.6200000000000001,0.7,0.4699999999999999,0.5449999999999999
